[
    { 
        "name": "Willyrex", 
        "avatar": "/images/creators/willyrex_minecraft.png", 
        "url": "https://www.youtube.com/@WillyrexMinecraft",
        "featured": true 
    },
    { 
        "name": "YT Creator 2", 
        "avatar": "/images/creators/creator1.png", 
        "url": "https://youtube.com/creator2",
        "featured": true
    },
    { 
        "name": "YT Creator 3", 
        "avatar": "/images/creators/creator3.png", 
        "url": "https://youtube.com/creator3",
        "featured": true
    },
    { 
        "name": "YT Creator 4", 
        "avatar": "/images/creators/creator4.png", 
        "url": "https://youtube.com/creator4",
        "featured": true
    },
    { 
        "name": "YT Creator 5", 
        "avatar": "/images/creators/creator5.png", 
        "url": "https://youtube.com/creator5",
        "featured": false 
    },
    { 
        "name": "YT Creator 6", 
        "avatar": "/images/creators/creator6.png", 
        "url": "https://youtube.com/creator6",
        "featured": false 
    },
    { 
        "name": "YT Creator 7", 
        "avatar": "/images/creators/creator7.png", 
        "url": "https://youtube.com/creator7",
        "featured": false 
    },
    { 
        "name": "YT Creator 8", 
        "avatar": "/images/creators/creator8.png", 
        "url": "https://youtube.com/creator8",
        "featured": false 
    }
]
