[
    { "name": "YT Creator 1", "avatar": "/images/creators/creator1.png" },
    { "name": "YT Creator 2", "avatar": "/images/creators/creator2.png" },
    { "name": "YT Creator 3", "avatar": "/images/creators/creator3.png" },
    { "name": "YT Creator 4", "avatar": "/images/creators/creator4.png" },
    { "name": "YT Creator 5", "avatar": "/images/creators/creator5.png" },
    { "name": "YT Creator 6", "avatar": "/images/creators/creator6.png" },
    { "name": "YT Creator 7", "avatar": "/images/creators/creator7.png" }
]