[
    {
        "name": {
            "en": "Willyrex Parkour"
        },
        "slug": "willyrex-parkour",
        "image": "/images/maps/ParkourTowerWillyrex/ParkourTowerWillyrexThumbnail.png",
        "description": {
            "en": "Climb Willyrex’s Parkour Tower and prove, jump by jump, your true skill."
        },
        "longDescription": {
            "en":   "Before you rises a tower that seems to stretch endlessly upward, distilling both the pressure and the reward of parkour.\nIts design plays with pure verticality: every block dares you to risk, every brief pause seeds doubt.\nThere are no distractions—just open air around you and the certainty that one misstep sends you back to the start.\nSections shift pace without warning, forcing you to recalibrate reflexes and timing on the fly.\nDifficulty grows subtly yet relentlessly, turning the climb into a battle against your own patience.\nFans of Willyrex will sense echoes of his competitive spirit, though the map never reveals all its secrets.\nThose who reach the summit claim a victory that speaks more about the player than about the game."
        },
        "youtube": "dQw4w9WgXcQ",
        "slider": [
        "/images/maps/ParkourTowerWillyrex/ParkourTowerWillyrexThumbnail.png",
        "/images/maps/ParkourTowerWillyrex/ParkourTowerWillyrex01.png",
        "/images/maps/ParkourTowerWillyrex/ParkourTowerWillyrex02.png",
        "/images/maps/ParkourTowerWillyrex/ParkourTowerWillyrex03.png",
        "/images/maps/ParkourTowerWillyrex/ParkourTowerWillyrex04.png",
        "/images/maps/ParkourTowerWillyrex/ParkourTowerWillyrex05.png",
        "/images/maps/ParkourTowerWillyrex/ParkourTowerWillyrex06.png",
        "/images/maps/ParkourTowerWillyrex/ParkourTowerWillyrex07.png"
        ],
        "marketplace_url": "https://www.minecraft.net/es-es/marketplace",
        "featured": true
    },
    {
        "name": {
            "en": "Willyrex Arena"
        },
        "slug": "willyrex-arena",
        "image": "/images/maps/ArenaWillyrex/ArenaWillyrexThumbnail.png",
        "description": {
            "en": "Enter Willyrex Arena—a dynamic playground where every sword swing and sprint can crown a new champion."
        },
        "longDescription": {
            "en": "Dare to cross the gates of Willyrex Arena, a venue that throbs with anticipation and shifts tempo with every contender.\nTiered stands rise in concentric rings, and each roar of the crowd booms across the ground, quickening the duelists’ pulse.\nAll entrances funnel into a central ring where distance collapses and every move demands absolute precision.\nThere are no distractions—only the floor beneath your feet, cutting air, and the spectators’ unblinking gaze.\nClashes flow one into another; each victory leaves a fleeting mark, as ephemeral as it is unforgettable.\nAs shadows lengthen, the atmosphere thickens and challenges emerge that test the steadiest nerves.\nLeaving the Arena is not retreating: it is carrying the certainty that you measured your worth before all."
        },
        "youtube": "YadYrBFubpg",
        "slider": [
        "/images/maps/ArenaWillyrex/ArenaWillyrexThumbnail.png",
        "/images/maps/ArenaWillyrex/ArenaWillyrex01.png",
        "/images/maps/ArenaWillyrex/ArenaWillyrex02.png",
        "/images/maps/ArenaWillyrex/ArenaWillyrex03.png",
        "/images/maps/ArenaWillyrex/ArenaWillyrex04.png",
        "/images/maps/ArenaWillyrex/ArenaWillyrex05.png",
        "/images/maps/ArenaWillyrex/ArenaWillyrex06.png"
        ],
        "marketplace_url": "https://www.minecraft.net/es-es/marketplace",
        "featured": true
    },
    {
        "name": {
            "en": "Sky Islands"
        },
        "slug": "sky-islands",
        "image": "/images/maps/BattleBuildingWillyrex/BattleBuildingWillyrexThumbnail.png",
        "description": {
            "en": "Dream inside that amazing map making your best buildings."
        },
        "longDescription": {
            "en": "Step into a competitive building arena where creativity and speed decide the winner. Claim a plot, gather your materials, and construct your vision before the timer hits zero. Each round presents a simple theme that pushes you to balance ingenuity with efficiency, rewarding sharp thinking and clean execution. Whether battling alone or teaming up with friends, this map delivers a fair, structured stage for head-to-head build-offs and friendly rivalries. Build fast, judge fairly, and prove you deserve the title of master builder."
        },
        "youtube": "tSZ_ZY1_ewg",
        "slider": [
            "/images/maps/BattleBuildingWillyrex/BattleBuildingWillyrexThumbnail.png",
            "/images/maps/BattleBuildingWillyrex/BattleBuildingWillyrex01.png",
            "/images/maps/BattleBuildingWillyrex/BattleBuildingWillyrex02.png",
            "/images/maps/BattleBuildingWillyrex/BattleBuildingWillyrex03.png",
            "/images/maps/BattleBuildingWillyrex/BattleBuildingWillyrex04.png",
            "/images/maps/BattleBuildingWillyrex/BattleBuildingWillyrex05.png",
            "/images/maps/BattleBuildingWillyrex/BattleBuildingWillyrex06.png",
            "/images/maps/BattleBuildingWillyrex/BattleBuildingWillyrex07.png"
        ],
        "marketplace_url": "https://www.minecraft.net/es-es/marketplace",
        "featured": true
    },
    {
        "name": {
            "en": "Jungle Escape"
        },
        "slug": "jungle-escape",
        "image": "/images/maps/map4/map4-1.png",
        "description": {
            "en": "Survive in the jungle."
        },
        "longDescription": {
            "en": "Navigate dense jungle terrain, solve puzzles, and escape ancient traps while trying to survive in this thrilling escape map."
        },
        "youtube": null,
        "slider": [
        "/images/maps/map4/map4-1.png",
        "/images/maps/map4/map4-2.png",
        "/images/maps/map4/map4-3.png"
        ],
        "marketplace_url": "https://www.minecraft.net/es-es/marketplace",
        "featured": true
    },
    {
        "name": {
            "en": "Frozen Depths"
        },
        "slug": "frozen-depths",
        "image": "/images/maps/map5.png",
        "description": {
            "en": "Explore icy caves and ruins."
        },
        "longDescription": {
            "en": "Delve into freezing caves, uncover lost civilizations, and experience the chill of the unknown in this atmospheric cold biome map."
        },
        "youtube": null,
        "slider": [
        "/images/maps/map5/map5-1.png",
        "/images/maps/map5/map5-2.png",
        "/images/maps/map5/map5-3.png"
        ],
        "marketplace_url": "https://www.minecraft.net/es-es/marketplace",
        "featured": true
    },
    {
        "name": {
            "en": "Inferno Citadel"
        },
        "slug": "inferno-citadel",
        "image": "/images/maps/map6.png",
        "description": {
            "en": "Fiery fortress challenges."
        },
        "longDescription": {
            "en": "Face flame guardians, solve fire puzzles, and conquer the burning throne of a forgotten citadel in this intense combat map."
        },
        "youtube": "YOUTUBE_ID_HERE",
        "slider": [
        "/images/maps/map6/map6-1.png",
        "/images/maps/map6/map6-2.png",
        "/images/maps/map6/map6-3.png"
        ],
        "marketplace_url": "https://www.minecraft.net/es-es/marketplace",
        "featured": true
    }
]