[
    {
        "name": "Dragon Statue",
        "image": "/images/models/model001.png",
        "description": "A powerful and ancient dragon sculpture."
    },
    {
        "name": "Floating Temple",
        "image": "/images/models/model002.png",
        "description": "A mystical temple suspended in the sky."
    },
    {
        "name": "Steampunk Ship",
        "image": "/images/models/model003.png",
        "description": "An airship designed with intricate steampunk detail."
    },
    {
        "name": "Sky Fortress",
        "image": "/images/models/model004.png",
        "description": "A fortified base built high among the clouds."
    }
]
