[
    {
        "name": "Dragon Statue",
        "image": "/images/models/model001.png",
        "description": "A powerful and ancient dragon sculpture.",
        "featured": true
    },
    {
        "name": "Floating Temple",
        "image": "/images/models/model002.png",
        "description": "A mystical temple suspended in the sky.",
        "featured": true
    },
    {
        "name": "Steampunk Ship",
        "image": "/images/models/model003.png",
        "description": "An airship designed with intricate steampunk detail.",
        "featured": true
    },
    {
        "name": "Sky Fortress",
        "image": "/images/models/model004.png",
        "description": "A fortified base built high among the clouds.",
        "featured": true
    },
    {
        "name": "Underground Reactor",
        "image": "/images/models/model005.png",
        "description": "A secret facility hidden deep beneath the surface.",
        "featured": false
    }
]
