[
    {
        "slug": "willy-trex",
        "modelPath": "/models/willy_trex.gltf",
        "image": "/images/models/willy-trex.png",
        "thumbnail": "/images/models/willy-trex.png",
        "featured": true,
        "name": {
            "en": "Willyrex T-Rex",
            "es": "Willyrex T-Rex"
        },
        "description": {
            "en": "A powerful and ancient Willyrex T-Rex.",
            "es": "Una poderosa y ancestral forma de Willyrex T-Rex."
        },
        "marketplace_url": "https://www.minecraft.net/es-es/marketplace"
    },
    {
        "slug": "vicente-vegetta",
        "modelPath": "/models/vicente_vegetta.gltf",
        "image": "/images/models/vicente-vegetta.png",
        "thumbnail": "/images/models/vicente-vegetta.png",
        "featured": true,
        "name": {
            "en": "Vicente Vegetta",
            "es": "Vegetta Vicente"
        },
        "description": {
            "en": "A powerful and ancient Vicente Vegetta.",
            "es": "Una poderosa y ancestral forma de Vicente Vegetta."
        },
        "marketplace_url": "https://www.minecraft.net/es-es/marketplace"
    }

]
