[
    {
        "slug": "summer-pack",

        "name": {
            "en": "Summer Pack",
            "es": "Pack de verano"
        },

        "description": {
            "en": "A pack of summer skins for adventurers.",
            "es": "Un pack de skins frescas para el verano."
        },

        "image": "/images/skinpacks/SummerPack/SummerPackThumbnail.png",

        "marketplace_url": "https://www.minecraft.net/...",

        "skins": [
            {
                "name": {
                    "en": "Summer Alexby",
                    "es": "Alexby de Verano"
                },
                "image": "/previews/SkinVeranoAlexby.png"
            },
            {
                "name": { 
                    "en": "Summer Fargan", 
                    "es": "Fargan de Verano" 
                },
                "image": "/previews/SkinVeranoFargan.png"
            },
            {
                "name": {
                    "en": "Summer Lolito",
                    "es": "Lolito de Verano"
                },
                "image": "/previews/SkinVeranoLolito.png"
            },
            {
                "name": { 
                    "en": "Summer Rubius", 
                    "es": "Rubius de Verano" 
                },
                "image": "/previews/SkinVeranoRubius.png"
            }
        ]
    },
    {
        "slug": "cartoon-pack",

        "name": {
            "en": "Cartoon Pack",
            "es": "Pack dibujos animados"
        },

        "description": {
            "en": "A pack of cartoon skins for adventurers.",
            "es": "Un pack de skins de dibujos animados."
        },

        "image": "/images/skinpacks/CartoonPack/CartoonPackThumbnail.png",

        "marketplace_url": "https://www.minecraft.net/...",

        "skins": [
            {
                "name": {
                    "en": "Cartoon Vegetta",
                    "es": "Vegetta dibujo animado"
                },
                "image": "/previews/SkinVegettaCartoon.png"
            },
            {
                "name": { 
                    "en": "Cartoon Willyrex", 
                    "es": "Willyrex dibujo animado" 
                },
                "image": "/previews/SkinWillyrexCartoon.png"
            }
        ]
    }
]
