[
    {
        "name": {
            "en": "Crystal World"
        },
        "slug": "crystal-world",
        "image": "/images/maps/map1/map1-1.png",
        "description": {
            "en": "Explore dazzling crystals and ruins."
        },
        "longDescription": {
            "en": "Explore dazzling crystals, deep underground caverns, and magical ruins in this fantasy adventure map perfect for roleplay and exploration."
        },
        "youtube": "dQw4w9WgXcQ",
        "slider": [
        "/images/maps/map1/map1-1.png",
        "/images/maps/map1/map1-2.png",
        "/images/maps/map1/map1-3.png"
        ],
        "marketplace_url": "https://www.minecraft.net/es-es/marketplace",
        "featured": true
    },
    {
        "name": {
            "en": "Desert Raid"
        },
        "slug": "desert-raid",
        "image": "/images/maps/map2/map2-1.png",
        "description": {
            "en": "Fight bandits in the desert tombs."
        },
        "longDescription": {
            "en": "Venture into forgotten tombs, survive raids from desert bandits, and uncover ancient relics in this expansive desert map."
        },
        "youtube": "YOUTUBE_ID_HERE",
        "slider": [
        "/images/maps/map2/map2-1.png",
        "/images/maps/map2/map2-2.png",
        "/images/maps/map2/map2-3.png"
        ],
        "marketplace_url": "https://www.minecraft.net/es-es/marketplace",
        "featured": true
    },
    {
        "name": {
            "en": "Sky Islands"
        },
        "slug": "sky-islands",
        "image": "/images/maps/map3/map3-1.png",
        "description": {
            "en": "Jump between floating islands."
        },
        "longDescription": {
            "en": "Leap across sky bridges, uncover secrets hidden among the clouds, and explore massive floating islands in this vertical challenge map. Traverse intricate networks of aerial paths suspended high above the void, each leading to unique biomes and mysterious ancient ruins waiting to be discovered. As you ascend through levels of increasing difficulty, you'll face environmental puzzles, hidden switches, and parkour segments that will test your skill and precision. Whether you're adventuring solo or with friends, Sky Islands offers a stunning backdrop for exploration, storytelling, and high-stakes survival. The ever-present danger of falling adds tension to every step — only the most agile players will reach the highest peaks and uncover all its hidden lore."
        },
        "youtube": "tSZ_ZY1_ewg",
        "slider": [
            "/images/maps/map3/map3-1.png",
            "/images/maps/map3/map3-2.png",
            "/images/maps/map3/map3-3.png",
            "/images/maps/map3/map3-4.png",
            "/images/maps/map3/map3-5.png"
        ],
        "marketplace_url": "https://www.minecraft.net/es-es/marketplace",
        "featured": true
    },
    {
        "name": {
            "en": "Jungle Escape"
        },
        "slug": "jungle-escape",
        "image": "/images/maps/map4/map4-1.png",
        "description": {
            "en": "Survive in the jungle."
        },
        "longDescription": {
            "en": "Navigate dense jungle terrain, solve puzzles, and escape ancient traps while trying to survive in this thrilling escape map."
        },
        "youtube": null,
        "slider": [
        "/images/maps/map4/map4-1.png",
        "/images/maps/map4/map4-2.png",
        "/images/maps/map4/map4-3.png"
        ],
        "marketplace_url": "https://www.minecraft.net/es-es/marketplace",
        "featured": true
    },
    {
        "name": {
            "en": "Frozen Depths"
        },
        "slug": "frozen-depths",
        "image": "/images/maps/map5.png",
        "description": {
            "en": "Explore icy caves and ruins."
        },
        "longDescription": {
            "en": "Delve into freezing caves, uncover lost civilizations, and experience the chill of the unknown in this atmospheric cold biome map."
        },
        "youtube": null,
        "slider": [
        "/images/maps/map5/map5-1.png",
        "/images/maps/map5/map5-2.png",
        "/images/maps/map5/map5-3.png"
        ],
        "marketplace_url": "https://www.minecraft.net/es-es/marketplace",
        "featured": true
    },
    {
        "name": {
            "en": "Inferno Citadel"
        },
        "slug": "inferno-citadel",
        "image": "/images/maps/map6.png",
        "description": {
            "en": "Fiery fortress challenges."
        },
        "longDescription": {
            "en": "Face flame guardians, solve fire puzzles, and conquer the burning throne of a forgotten citadel in this intense combat map."
        },
        "youtube": "YOUTUBE_ID_HERE",
        "slider": [
        "/images/maps/map6/map6-1.png",
        "/images/maps/map6/map6-2.png",
        "/images/maps/map6/map6-3.png"
        ],
        "marketplace_url": "https://www.minecraft.net/es-es/marketplace",
        "featured": true
    }
]